Organization,Country,Model name,Languages,Model type,# Parameters
Meta,USA,FacebookAI/xlm-roberta-base,"['af', 'am', 'ar', 'as', 'az', 'be', 'bg', 'bn', 'br', 'bs', 'ca', 'cs', 'cy', 'da', 'de', 'el', 'en', 'eo', 'es', 'et', 'eu', 'fa', 'fi', 'fr', 'fy', 'ga', 'gd', 'gl', 'gu', 'ha', 'he', 'hi', 'hr', 'hu', 'hy', 'id', 'is', 'it', 'ja', 'jv', 'ka', 'kk', 'km', 'kn', 'ko', 'ku', 'ky', 'la', 'lo', 'lt', 'lv', 'mg', 'mk', 'ml', 'mn', 'mr', 'ms', 'my', 'ne', 'nl', 'om', 'or', 'pa', 'pl', 'ps', 'pt', 'ro', 'ru', 'sa', 'sd', 'si', 'sk', 'sl', 'so', 'sq', 'sr', 'su', 'sv', 'sw', 'ta', 'te', 'th', 'tl', 'tr', 'ug', 'uk', 'ur', 'uz', 'vi', 'xh', 'yi', 'zh']",encoder,278000000
Meta,USA,facebook/xlm-roberta-xl,"['af', 'am', 'ar', 'as', 'az', 'be', 'bg', 'bn', 'br', 'bs', 'ca', 'cs', 'cy', 'da', 'de', 'el', 'en', 'eo', 'es', 'et', 'eu', 'fa', 'fi', 'fr', 'fy', 'ga', 'gd', 'gl', 'gu', 'ha', 'he', 'hi', 'hr', 'hu', 'hy', 'id', 'is', 'it', 'ja', 'jv', 'ka', 'kk', 'km', 'kn', 'ko', 'ku', 'ky', 'la', 'lo', 'lt', 'lv', 'mg', 'mk', 'ml', 'mn', 'mr', 'ms', 'my', 'ne', 'nl',  'om', 'or', 'pa', 'pl', 'ps', 'pt', 'ro', 'ru', 'sa', 'sd', 'si', 'sk', 'sl', 'so', 'sq', 'sr', 'su', 'sv', 'sw', 'ta', 'te', 'th', 'tl', 'tr', 'ug', 'uk', 'ur', 'uz', 'vi', 'xh', 'yi', 'zh']",encoder,3500000000
Meta,USA,facebook/xlm-roberta-xxl,"['af', 'am', 'ar', 'as', 'az', 'be', 'bg', 'bn', 'br', 'bs', 'ca', 'cs', 'cy', 'da', 'de', 'el', 'en', 'eo', 'es', 'et', 'eu', 'fa', 'fi', 'fr', 'fy', 'ga', 'gd', 'gl', 'gu', 'ha', 'he', 'hi', 'hr', 'hu', 'hy', 'id', 'is', 'it', 'ja', 'jv', 'ka', 'kk', 'km', 'kn', 'ko', 'ku', 'ky', 'la', 'lo', 'lt', 'lv', 'mg', 'mk', 'ml', 'mn', 'mr', 'ms', 'my', 'ne', 'nl', 'om', 'or', 'pa', 'pl', 'ps', 'pt', 'ro', 'ru', 'sa', 'sd', 'si', 'sk', 'sl', 'so', 'sq', 'sr', 'su', 'sv', 'sw', 'ta', 'te', 'th', 'tl', 'tr', 'ug', 'uk', 'ur', 'uz', 'vi', 'xh', 'yi', 'zh']",encoder,10700000000
Meta,USA,meta-llama/Llama-3.1-8B,"['en', 'de', 'fr', 'it', 'pt', 'hi', 'es', 'th']",decoder,8000000000
Meta,USA,meta-llama/Llama-3.1-70B,"['en', 'de', 'fr', 'it', 'pt', 'hi', 'es', 'th']",decoder,70000000000
Meta,USA,facebook/xlm-v-base,"['af', 'am', 'ar', 'as', 'az', 'be', 'bg', 'bn', 'br', 'bs', 'ca', 'cs', 'cy', 'da', 'de', 'el', 'en', 'eo', 'es', 'et', 'eu', 'fa', 'fi', 'fr', 'fy', 'ga', 'gd', 'gl', 'gu', 'ha', 'he', 'hi', 'hr', 'hu', 'hy', 'id', 'is', 'it', 'ja', 'jv', 'ka', 'kk', 'km', 'kn', 'ko', 'ku', 'ky', 'la', 'lo', 'lt', 'lv', 'mg', 'mk', 'ml', 'mn', 'mr', 'ms', 'my', 'ne', 'nl',  'om', 'or', 'pa', 'pl', 'ps', 'pt', 'ro', 'ru', 'sa', 'sd', 'si', 'sk', 'sl', 'so', 'sq', 'sr', 'su', 'sv', 'sw', 'ta', 'te', 'th', 'tl', 'tr', 'ug', 'uk', 'ur', 'uz', 'vi', 'xh', 'yi', 'zh']",encoder,800000000
,,,,,
Diaboloco,France,EuroBERT/EuroBERT-210m ,"['en', 'fr', 'de', 'es', 'zh', 'it', 'ru', 'pl', 'pt', 'ja', 'vi', 'nl', 'ar', 'tr', 'hi']",Encoder,210000000
Diaboloco,France,EuroBERT/EuroBERT-610m,"['en', 'fr', 'de', 'es', 'zh', 'it', 'ru', 'pl', 'pt', 'ja', 'vi', 'nl', 'ar', 'tr', 'hi']",Encoder,610000000
Diaboloco,France,EuroBERT/EuroBERT-2.1B,"['en', 'fr', 'de', 'es', 'zh', 'it', 'ru', 'pl', 'pt', 'ja', 'vi', 'nl', 'ar', 'tr', 'hi']",Encoder,2100000000
,,,,,
Google,USA,google-bert/bert-base-multilingual-cased,"['af', 'sq', 'ar', 'an', 'hy', 'ast', 'az', 'ba', 'eu', 'bar', 'be', 'bn', 'inc', 'bs', 'br', 'bg', 'my', 'ca', 'ceb', 'ce', 'zh', 'cv', 'hr', 'cs', 'da', 'nl', 'en', 'et', 'fi', 'fr', 'gl', 'ka', 'de', 'el', 'gu', 'ht', 'he', 'hi', 'hu', 'is', 'io', 'id', 'ga', 'it', 'ja', 'jv', 'kn', 'kk', 'ky', 'ko', 'la', 'lv', 'lt', 'roa', 'nds', 'lm', 'mk', 'mg', 'ms', 'ml', 'mr', 'mn', 'min', 'ne', 'new', 'nb', 'nn', 'oc', 'fa', 'pms', 'pl', 'pt', 'pa', 'ro', 'ru', 'sco', 'sr', 'hr', 'scn', 'sk', 'sl', 'aze', 'es', 'su', 'sw', 'sv', 'tl', 'tg', 'th', 'ta', 'tt', 'te', 'tr', 'uk', 'ud', 'uz', 'vi', 'vo', 'war', 'cy', 'fry', 'pnb', 'yo']",Encoder,179000000
,,,,,
JHU Center for Language and Speech Processing,USA,jhu-clsp/mmBERT-base,"['aai', 'aak', 'aau', 'aaz', 'aba', 'abi', 'abk', 'abn', 'abq', 'abs', 'abt', 'abx', 'aby', 'abz', 'aca', 'acd', 'ace', 'acf', 'ach', 'acm', 'acn', 'acr', 'acu', 'ada', 'ade', 'adh', 'adi', 'adj', 'adl', 'ady', 'adz', 'aeb', 'aer', 'aeu', 'aey', 'afr', 'agd', 'agg', 'agm', 'agn', 'agr', 'agt', 'agu', 'agw', 'agx', 'aha', 'ahk', 'aia', 'aii', 'aim', 'ain', 'ajg', 'aji', 'ajz', 'akb', 'ake', 'akh', 'akp', 'alj', 'aln', 'alp', 'alq', 'als', 'alt', 'aly', 'alz', 'ame', 'amf', 'amh', 'ami', 'amk', 'amm', 'amn', 'amp', 'amr', 'amu', 'amx', 'ang', 'anm', 'ann', 'anp', 'anv', 'any', 'aoi', 'aoj', 'aom', 'aoz', 'apb', 'apc', 'ape', 'apn', 'apr', 'apt', 'apu', 'apw', 'apy', 'apz', 'arb', 'are', 'arg', 'arl', 'arn', 'arp', 'arq', 'ars', 'ary', 'arz', 'asg', 'asm', 'aso', 'ast', 'ata', 'atb', 'atd', 'atg', 'ati', 'atj', 'atq', 'att', 'auc', 'aui', 'auy', 'ava', 'avk', 'avn', 'avt', 'avu', 'awa', 'awb', 'awx', 'ayo', 'ayp', 'ayr', 'azb', 'azg', 'azj', 'azz', 'bak', 'bam', 'ban', 'bao', 'bar', 'bas', 'bav', 'bba', 'bbb', 'bbc', 'bbj', 'bbk', 'bbo', 'bbr', 'bch', 'bci', 'bcl', 'bco', 'bcw', 'bdd', 'bdh', 'bdq', 'bea', 'bef', 'bel', 'bem', 'ben', 'beq', 'bew', 'bex', 'bfd', 'bfo', 'bgr', 'bgs', 'bgt', 'bgz', 'bhg', 'bhl', 'bho', 'bhp', 'bhw', 'bhz', 'bib', 'big', 'bim', 'bin', 'bis', 'biu', 'biv', 'bjn', 'bjp', 'bjr', 'bjv', 'bkd', 'bkl', 'bkq', 'bku', 'bkv', 'bla', 'blh', 'blk', 'blw', 'blz', 'bmh', 'bmk', 'bmq', 'bmr', 'bmu', 'bmv', 'bno', 'bnp', 'boa', 'bod', 'boj', 'bom', 'bon', 'bos', 'bov', 'box', 'bpr', 'bps', 'bpy', 'bqc', 'bqj', 'bqp', 'bre', 'brh', 'bru', 'brx', 'bsc', 'bsn', 'bsp', 'bsq', 'bss', 'btd', 'bth', 'bts', 'btt', 'btx', 'bud', 'bug', 'buk', 'bul', 'bum', 'bus', 'bvc', 'bvd', 'bvr', 'bvz', 'bwd', 'bwi', 'bwq', 'bwu', 'bxh', 'bxr', 'byr', 'byv', 'byx', 'bzd', 'bzh', 'bzi', 'bzj', 'caa', 'cab', 'cac', 'caf', 'cag', 'cak', 'cao', 'cap', 'caq', 'car', 'cas', 'cat', 'cav', 'cax', 'cbc', 'cbi', 'cbk', 'cbr', 'cbs', 'cbt', 'cbu', 'cbv', 'cce', 'cco', 'ccp', 'ceb', 'ceg', 'cek', 'ces', 'cfm', 'cgc', 'cgg', 'cha', 'chd', 'che', 'chf', 'chj', 'chk', 'cho', 'chq', 'chr', 'chu', 'chv', 'chw', 'chz', 'cjk', 'cjo', 'cjp', 'cjs', 'cjv', 'ckb', 'cko', 'ckt', 'cle', 'clu', 'cly', 'cme', 'cmn', 'cmo', 'cmr', 'cnh', 'cni', 'cnk', 'cnl', 'cnt', 'cnw', 'coe', 'cof', 'cok', 'con', 'cop', 'cor', 'cos', 'cot', 'cou', 'cpa', 'cpb', 'cpc', 'cpu', 'cpy', 'crh', 'crj', 'crk', 'crl', 'crm', 'crn', 'crs', 'crt', 'crx', 'csb', 'csk', 'cso', 'csw', 'csy', 'cta', 'ctd', 'cto', 'ctp', 'ctu', 'cub', 'cuc', 'cui', 'cuk', 'cul', 'cut', 'cux', 'cwe', 'cwt', 'cya', 'cym', 'czt', 'daa', 'dad', 'daf', 'dag', 'dah', 'dak', 'dan', 'dar', 'ddg', 'ddn', 'ded', 'des', 'deu', 'dga', 'dgc', 'dgi', 'dgr', 'dgz', 'dhg', 'dhm', 'dhv', 'did', 'dig', 'dik', 'diq', 'dis', 'diu', 'div', 'dje', 'djk', 'djr', 'dks', 'dln', 'dng', 'dnj', 'dnw', 'dob', 'doi', 'dop', 'dos', 'dow', 'drg', 'dru', 'dsb', 'dtb', 'dtp', 'dts', 'dty', 'dua', 'due', 'dug', 'duo', 'dur', 'dwr', 'dww', 'dyi', 'dyo', 'dyu', 'dzo', 'ebk', 'efi', 'eka', 'ekk', 'eko', 'ell', 'emi', 'eml', 'emp', 'enb', 'enl', 'enm', 'enq', 'enx', 'epo', 'eri', 'ese', 'esi', 'esk', 'ess', 'esu', 'eto', 'etr', 'etu', 'eus', 'eve', 'ewe', 'ewo', 'ext', 'eza', 'faa', 'fad', 'fai', 'fal', 'fan', 'fao', 'far', 'fas', 'fat', 'ffm', 'fij', 'fil', 'fin', 'fit', 'fkv', 'fmu', 'fon', 'for', 'fra', 'frd', 'fro', 'frp', 'frr', 'fry', 'fub', 'fud', 'fue', 'fuf', 'fuh', 'fuq', 'fur', 'fuv', 'gaa', 'gag', 'gah', 'gai', 'gam', 'gaw', 'gaz', 'gbi', 'gbo', 'gbr', 'gcf', 'gcr', 'gde', 'gdg', 'gdn', 'gdr', 'geb', 'gej', 'gfk', 'ghs', 'gid', 'gil', 'giz', 'gjn', 'gkn', 'gla', 'gle', 'glg', 'glk', 'glv', 'gmh', 'gmv', 'gna', 'gnb', 'gnd', 'gng', 'gnn', 'gnw', 'goa', 'gof', 'gog', 'goh', 'gom', 'gor', 'gos', 'got', 'gqr', 'grc', 'grt', 'gso', 'gsw', 'gub', 'guc', 'gud', 'gug', 'guh', 'gui', 'guj', 'guk', 'gul', 'gum', 'gun', 'guo', 'guq', 'gur', 'guu', 'guw', 'gux', 'guz', 'gvc', 'gvf', 'gvl', 'gvn', 'gwi', 'gwr', 'gya', 'gym', 'gyr', 'hac', 'hae', 'hag', 'hak', 'hat', 'hav', 'haw', 'hay', 'hbo', 'hch', 'heb', 'heg', 'heh', 'her', 'hif', 'hig', 'hil', 'hin', 'hix', 'hla', 'hmo', 'hmr', 'hne', 'hnj', 'hnn', 'hns', 'hop', 'hot', 'hra', 'hrv', 'hrx', 'hsb', 'hto', 'hub', 'hui', 'hun', 'hus', 'huu', 'huv', 'hvn', 'hwc', 'hye', 'hyw', 'ian', 'iba', 'ibg', 'ibo', 'icr', 'ido', 'idu', 'ifa', 'ifb', 'ife', 'ifk', 'ifu', 'ify', 'ige', 'ign', 'ike', 'ikk', 'ikt', 'ikw', 'ilb', 'ile', 'ilo', 'imo', 'ina', 'inb', 'ind', 'inh', 'ino', 'iou', 'ipi', 'iqw', 'iri', 'irk', 'iry', 'isd', 'ish', 'isl', 'iso', 'ita', 'itv', 'ium', 'ivb', 'ivv', 'iws', 'ixl', 'izr', 'izz', 'jaa', 'jac', 'jae', 'jam', 'jav', 'jbo', 'jbu', 'jic', 'jiv', 'jmc', 'jpn', 'jra', 'jun', 'jvn', 'kaa', 'kab', 'kac', 'kak', 'kal', 'kam', 'kan', 'kao', 'kaq', 'kas', 'kat', 'kaz', 'kbc', 'kbd', 'kbh', 'kbm', 'kbo', 'kbp', 'kbq', 'kbr', 'kby', 'kca', 'kcg', 'kck', 'kdc', 'kde', 'kdh', 'kdi', 'kdj', 'kdl', 'kdr', 'kea', 'kei', 'kek', 'ken', 'keo', 'ker', 'kew', 'kez', 'kff', 'kgf', 'kgk', 'kgp', 'kgr', 'kha', 'khk', 'khm', 'khs', 'khz', 'kia', 'kij', 'kik', 'kin', 'kir', 'kiu', 'kix', 'kjb', 'kje', 'kjh', 'kjs', 'kkc', 'kki', 'kkj', 'kkl', 'kle', 'klt', 'klv', 'kmb', 'kmg', 'kmh', 'kmk', 'kmm', 'kmo', 'kmr', 'kms', 'kmu', 'kmy', 'knc', 'kne', 'knf', 'kng', 'knj', 'knk', 'kno', 'knv', 'knx', 'kny', 'kog', 'koi', 'koo', 'kor', 'kos', 'kpe', 'kpf', 'kpg', 'kpj', 'kpq', 'kpr', 'kpv', 'kpw', 'kpx', 'kpz', 'kqc', 'kqe', 'kqf', 'kql', 'kqn', 'kqo', 'kqp', 'kqs', 'kqw', 'kqy', 'krc', 'kri', 'krj', 'krl', 'kru', 'krx', 'ksb', 'ksc', 'ksd', 'ksf', 'ksh', 'ksj', 'ksp', 'ksr', 'kss', 'ksw', 'ktb', 'ktj', 'ktm', 'kto', 'ktu', 'ktz', 'kua', 'kub', 'kud', 'kue', 'kuj', 'kum', 'kup', 'kus', 'kvg', 'kvj', 'kvn', 'kwd', 'kwf', 'kwi', 'kwj', 'kwn', 'kwy', 'kxc', 'kxm', 'kxw', 'kyc', 'kyf', 'kyg', 'kyq', 'kyu', 'kyz', 'kze', 'kzf', 'kzj', 'lac', 'lad', 'lai', 'laj', 'lam', 'lao', 'lap', 'lat', 'lbb', 'lbe', 'lbj', 'lbk', 'lcm', 'lcp', 'ldi', 'ldn', 'lee', 'lef', 'leh', 'lem', 'leu', 'lew', 'lex', 'lez', 'lfn', 'lgg', 'lgl', 'lgm', 'lhi', 'lhu', 'lia', 'lid', 'lif', 'lij', 'lim', 'lin', 'lip', 'lis', 'lit', 'liv', 'ljp', 'lki', 'llb', 'lld', 'llg', 'lln', 'lmk', 'lmo', 'lmp', 'lnd', 'lob', 'loe', 'log', 'lok', 'lol', 'lom', 'loq', 'loz', 'lrc', 'lsi', 'lsm', 'ltg', 'ltz', 'lua', 'lub', 'luc', 'lud', 'lue', 'lug', 'lun', 'luo', 'lus', 'lvs', 'lwg', 'lwo', 'lww', 'lzh', 'maa', 'mad', 'maf', 'mag', 'mah', 'mai', 'maj', 'mak', 'mal', 'mam', 'maq', 'mar', 'mas', 'mau', 'mav', 'maw', 'maz', 'mbb', 'mbc', 'mbd', 'mbf', 'mbh', 'mbi', 'mbj', 'mbl', 'mbs', 'mbt', 'mca', 'mcb', 'mcd', 'mcf', 'mck', 'mcn', 'mco', 'mcp', 'mcq', 'mcu', 'mda', 'mdf', 'mdy', 'med', 'mee', 'mej', 'mek', 'men', 'meq', 'mer', 'met', 'meu', 'mev', 'mfe', 'mfg', 'mfh', 'mfi', 'mfk', 'mfq', 'mfy', 'mfz', 'mgc', 'mgh', 'mgo', 'mgr', 'mhi', 'mhl', 'mhr', 'mhw', 'mhx', 'mhy', 'mib', 'mic', 'mie', 'mif', 'mig', 'mih', 'mil', 'mim', 'min', 'mio', 'mip', 'miq', 'mir', 'mit', 'miy', 'miz', 'mjc', 'mjw', 'mkd', 'mkl', 'mkn', 'mks', 'mkz', 'mlh', 'mlp', 'mlt', 'mlu', 'mmn', 'mmo', 'mmx', 'mna', 'mnb', 'mnf', 'mni', 'mnk', 'mns', 'mnw', 'mnx', 'mny', 'moa', 'moc', 'mog', 'moh', 'mop', 'mor', 'mos', 'mox', 'mpg', 'mph', 'mpm', 'mpp', 'mps', 'mpt', 'mpx', 'mqb', 'mqj', 'mqy', 'mrg', 'mri', 'mrj', 'mrq', 'mrv', 'mrw', 'msb', 'msc', 'mse', 'msk', 'msy', 'mta', 'mtg', 'mti', 'mto', 'mtp', 'mua', 'mug', 'muh', 'mui', 'mup', 'mur', 'mus', 'mux', 'muy', 'mva', 'mvn', 'mvp', 'mwc', 'mwf', 'mwl', 'mwm', 'mwn', 'mwp', 'mwq', 'mwv', 'mww', 'mxb', 'mxp', 'mxq', 'mxt', 'mxv', 'mya', 'myb', 'myk', 'myu', 'myv', 'myw', 'myx', 'myy', 'mza', 'mzh', 'mzk', 'mzl', 'mzm', 'mzn', 'mzw', 'mzz', 'nab', 'naf', 'nah', 'nak', 'nap', 'naq', 'nas', 'nav', 'naw', 'nba', 'nbc', 'nbe', 'nbl', 'nbq', 'nbu', 'nca', 'nch', 'ncj', 'ncl', 'ncq', 'nct', 'ncu', 'ncx', 'ndc', 'nde', 'ndh', 'ndi', 'ndj', 'ndo', 'nds', 'ndz', 'neb', 'new', 'nfa', 'nfr', 'ngb', 'ngc', 'ngl', 'ngp', 'ngu', 'nhd', 'nhe', 'nhg', 'nhi', 'nhk', 'nho', 'nhr', 'nhu', 'nhw', 'nhx', 'nhy', 'nia', 'nif', 'nii', 'nij', 'nim', 'nin', 'nio', 'niu', 'niy', 'njb', 'njm', 'njn', 'njo', 'njz', 'nkf', 'nko', 'nld', 'nlg', 'nma', 'nmf', 'nmh', 'nmo', 'nmw', 'nmz', 'nnb', 'nng', 'nnh', 'nnl', 'nno', 'nnp', 'nnq', 'nnw', 'noa', 'nob', 'nod', 'nog', 'non', 'nop', 'not', 'nou', 'nov', 'nph', 'npi', 'npl', 'npo', 'npy', 'nqo', 'nre', 'nrf', 'nri', 'nrm', 'nsa', 'nse', 'nsm', 'nsn', 'nso', 'nss', 'nst', 'nsu', 'ntp', 'ntr', 'ntu', 'nuj', 'nus', 'nuy', 'nvm', 'nwb', 'nwi', 'nwx', 'nxd', 'nya', 'nyf', 'nyk', 'nyn', 'nyo', 'nyu', 'nyy', 'nza', 'nzi', 'nzm', 'obo', 'oci', 'ogo', 'ojb', 'oke', 'oku', 'okv', 'old', 'olo', 'omb', 'omw', 'ong', 'ons', 'ood', 'opm', 'orv', 'ory', 'oss', 'ota', 'otd', 'ote', 'otm', 'otn', 'oto', 'otq', 'ots', 'otw', 'oym', 'ozm', 'pab', 'pad', 'pag', 'pah', 'pam', 'pan', 'pao', 'pap', 'pau', 'pbb', 'pbc', 'pbi', 'pbt', 'pcd', 'pck', 'pcm', 'pdc', 'pdt', 'pem', 'pfe', 'pfl', 'phm', 'pib', 'pio', 'pir', 'pis', 'pjt', 'pkb', 'plg', 'pls', 'plt', 'plu', 'plw', 'pma', 'pmf', 'pmq', 'pms', 'pmx', 'pnb', 'pne', 'pnt', 'pny', 'poe', 'poh', 'poi', 'pol', 'pon', 'por', 'pos', 'pot', 'pov', 'poy', 'ppk', 'ppo', 'pps', 'prf', 'prg', 'pri', 'prq', 'pse', 'pss', 'ptp', 'ptu', 'pui', 'pwg', 'pwn', 'pww', 'pxm', 'qub', 'quc', 'quf', 'qug', 'quh', 'qul', 'qup', 'qus', 'quw', 'quy', 'quz', 'qva', 'qvc', 'qve', 'qvh', 'qvi', 'qvm', 'qvn', 'qvo', 'qvs', 'qvw', 'qvz', 'qwh', 'qxh', 'qxl', 'qxn', 'qxo', 'qxr', 'rad', 'rai', 'rap', 'rar', 'rav', 'raw', 'rcf', 'rej', 'rel', 'rgu', 'rhg', 'ria', 'rim', 'rjs', 'rkb', 'rmc', 'rme', 'rml', 'rmn', 'rmo', 'rmq', 'rmy', 'rnd', 'rng', 'rnl', 'roh', 'ron', 'roo', 'rop', 'row', 'rro', 'rtm', 'rub', 'rue', 'ruf', 'rug', 'run', 'rup', 'rus', 'rwo', 'sab', 'sag', 'sah', 'san', 'sas', 'sat', 'sba', 'sbd', 'sbe', 'sbl', 'sbs', 'sby', 'sck', 'scn', 'sco', 'sda', 'sdc', 'sdh', 'sdo', 'sdq', 'seh', 'ses', 'sey', 'sfw', 'sgb', 'sgc', 'sgh', 'sgs', 'sgw', 'sgz', 'shi', 'shk', 'shn', 'shp', 'shu', 'sid', 'sig', 'sil', 'sim', 'sin', 'sja', 'sjo', 'sju', 'skg', 'skr', 'sld', 'slk', 'sll', 'slv', 'sma', 'sme', 'smj', 'smk', 'sml', 'smn', 'smo', 'sms', 'smt', 'sna', 'snc', 'snd', 'snf', 'snn', 'snp', 'snw', 'sny', 'soe', 'som', 'sop', 'soq', 'sot', 'soy', 'spa', 'spl', 'spm', 'spp', 'sps', 'spy', 'srd', 'sri', 'srm', 'srn', 'srp', 'srq', 'srr', 'ssd', 'ssg', 'ssw', 'ssx', 'stn', 'stp', 'stq', 'sua', 'suc', 'sue', 'suk', 'sun', 'sur', 'sus', 'suz', 'swb', 'swc', 'swe', 'swg', 'swh', 'swk', 'swp', 'sxb', 'sxn', 'syb', 'syc', 'syl', 'szl', 'szy', 'tab', 'tac', 'tah', 'taj', 'tam', 'tap', 'taq', 'tar', 'tat', 'tav', 'taw', 'tay', 'tbc', 'tbg', 'tbk', 'tbl', 'tbo', 'tbw', 'tby', 'tbz', 'tca', 'tcc', 'tcf', 'tcs', 'tcy', 'tcz', 'ted', 'tee', 'tel', 'tem', 'teo', 'ter', 'tet', 'tew', 'tfr', 'tgk', 'tgo', 'tgp', 'tha', 'thk', 'thl', 'tif', 'tig', 'tih', 'tik', 'tim', 'tir', 'tiv', 'tiy', 'tke', 'tkl', 'tkr', 'tku', 'tlb', 'tlf', 'tlh', 'tlj', 'tll', 'tly', 'tmc', 'tmd', 'tna', 'tnc', 'tnk', 'tnn', 'tnp', 'tnr', 'tob', 'toc', 'tod', 'tog', 'toh', 'toi', 'toj', 'tok', 'ton', 'too', 'top', 'tos', 'tpa', 'tpi', 'tpm', 'tpp', 'tpt', 'tpw', 'tpz', 'tqo', 'trc', 'trn', 'tro', 'trp', 'trq', 'trs', 'trv', 'tsc', 'tsg', 'tsn', 'tso', 'tsw', 'tsz', 'ttc', 'tte', 'ttj', 'ttq', 'tuc', 'tue', 'tuf', 'tui', 'tuk', 'tul', 'tum', 'tuo', 'tur', 'tuv', 'tvk', 'tvl', 'twi', 'twu', 'twx', 'txq', 'txu', 'tyv', 'tzh', 'tzj', 'tzl', 'tzm', 'tzo', 'ubr', 'ubu', 'udm', 'udu', 'uig', 'ukr', 'umb', 'upv', 'ura', 'urb', 'urd', 'urh', 'uri', 'urk', 'urt', 'urw', 'ury', 'usa', 'usp', 'uth', 'uvh', 'uvl', 'uzn', 'uzs', 'vag', 'vap', 'var', 'vec', 'ven', 'vep', 'vid', 'vie', 'viv', 'vls', 'vmk', 'vmw', 'vmy', 'vol', 'vot', 'vro', 'vun', 'vut', 'waj', 'wal', 'wap', 'war', 'wat', 'way', 'wba', 'wbm', 'wbp', 'wed', 'wer', 'wes', 'wew', 'whg', 'whk', 'wib', 'wim', 'wiu', 'wln', 'wls', 'wlv', 'wlx', 'wmt', 'wmw', 'wnc', 'wnu', 'wob', 'wol', 'wos', 'wrk', 'wrs', 'wsg', 'wsk', 'wuu', 'wuv', 'wwa', 'xal', 'xav', 'xbi', 'xbr', 'xed', 'xho', 'xla', 'xmf', 'xmm', 'xmv', 'xnn', 'xog', 'xon', 'xrb', 'xsb', 'xsi', 'xsm', 'xsr', 'xsu', 'xtd', 'xtm', 'xtn', 'xuo', 'yaa', 'yad', 'yal', 'yam', 'yan', 'yao', 'yap', 'yaq', 'yat', 'yaz', 'ybb', 'yby', 'ycn', 'ydd', 'yim', 'yka', 'yle', 'yli', 'yml', 'yom', 'yon', 'yor', 'yrb', 'yre', 'yrk', 'yrl', 'yss', 'yua', 'yue', 'yuj', 'yup', 'yut', 'yuw', 'yuz', 'yva', 'zaa', 'zab', 'zac', 'zad', 'zae', 'zai', 'zam', 'zao', 'zar', 'zas', 'zat', 'zav', 'zaw', 'zca', 'zdj', 'zea', 'zgh', 'zia', 'ziw', 'zne', 'zom', 'zos', 'zpa', 'zpc', 'zpg', 'zpi', 'zpj', 'zpl', 'zpm', 'zpo', 'zpq', 'zpt', 'zpu', 'zpv', 'zpz', 'zsm', 'zsr', 'ztq', 'zty', 'zul', 'zyb', 'zyp']",Encoder,140000000
JHU Center for Language and Speech Processing,USA,jhu-clsp/mmBERT-small,"['aai', 'aak', 'aau', 'aaz', 'aba', 'abi', 'abk', 'abn', 'abq', 'abs', 'abt', 'abx', 'aby', 'abz', 'aca', 'acd', 'ace', 'acf', 'ach', 'acm', 'acn', 'acr', 'acu', 'ada', 'ade', 'adh', 'adi', 'adj', 'adl', 'ady', 'adz', 'aeb', 'aer', 'aeu', 'aey', 'afr', 'agd', 'agg', 'agm', 'agn', 'agr', 'agt', 'agu', 'agw', 'agx', 'aha', 'ahk', 'aia', 'aii', 'aim', 'ain', 'ajg', 'aji', 'ajz', 'akb', 'ake', 'akh', 'akp', 'alj', 'aln', 'alp', 'alq', 'als', 'alt', 'aly', 'alz', 'ame', 'amf', 'amh', 'ami', 'amk', 'amm', 'amn', 'amp', 'amr', 'amu', 'amx', 'ang', 'anm', 'ann', 'anp', 'anv', 'any', 'aoi', 'aoj', 'aom', 'aoz', 'apb', 'apc', 'ape', 'apn', 'apr', 'apt', 'apu', 'apw', 'apy', 'apz', 'arb', 'are', 'arg', 'arl', 'arn', 'arp', 'arq', 'ars', 'ary', 'arz', 'asg', 'asm', 'aso', 'ast', 'ata', 'atb', 'atd', 'atg', 'ati', 'atj', 'atq', 'att', 'auc', 'aui', 'auy', 'ava', 'avk', 'avn', 'avt', 'avu', 'awa', 'awb', 'awx', 'ayo', 'ayp', 'ayr', 'azb', 'azg', 'azj', 'azz', 'bak', 'bam', 'ban', 'bao', 'bar', 'bas', 'bav', 'bba', 'bbb', 'bbc', 'bbj', 'bbk', 'bbo', 'bbr', 'bch', 'bci', 'bcl', 'bco', 'bcw', 'bdd', 'bdh', 'bdq', 'bea', 'bef', 'bel', 'bem', 'ben', 'beq', 'bew', 'bex', 'bfd', 'bfo', 'bgr', 'bgs', 'bgt', 'bgz', 'bhg', 'bhl', 'bho', 'bhp', 'bhw', 'bhz', 'bib', 'big', 'bim', 'bin', 'bis', 'biu', 'biv', 'bjn', 'bjp', 'bjr', 'bjv', 'bkd', 'bkl', 'bkq', 'bku', 'bkv', 'bla', 'blh', 'blk', 'blw', 'blz', 'bmh', 'bmk', 'bmq', 'bmr', 'bmu', 'bmv', 'bno', 'bnp', 'boa', 'bod', 'boj', 'bom', 'bon', 'bos', 'bov', 'box', 'bpr', 'bps', 'bpy', 'bqc', 'bqj', 'bqp', 'bre', 'brh', 'bru', 'brx', 'bsc', 'bsn', 'bsp', 'bsq', 'bss', 'btd', 'bth', 'bts', 'btt', 'btx', 'bud', 'bug', 'buk', 'bul', 'bum', 'bus', 'bvc', 'bvd', 'bvr', 'bvz', 'bwd', 'bwi', 'bwq', 'bwu', 'bxh', 'bxr', 'byr', 'byv', 'byx', 'bzd', 'bzh', 'bzi', 'bzj', 'caa', 'cab', 'cac', 'caf', 'cag', 'cak', 'cao', 'cap', 'caq', 'car', 'cas', 'cat', 'cav', 'cax', 'cbc', 'cbi', 'cbk', 'cbr', 'cbs', 'cbt', 'cbu', 'cbv', 'cce', 'cco', 'ccp', 'ceb', 'ceg', 'cek', 'ces', 'cfm', 'cgc', 'cgg', 'cha', 'chd', 'che', 'chf', 'chj', 'chk', 'cho', 'chq', 'chr', 'chu', 'chv', 'chw', 'chz', 'cjk', 'cjo', 'cjp', 'cjs', 'cjv', 'ckb', 'cko', 'ckt', 'cle', 'clu', 'cly', 'cme', 'cmn', 'cmo', 'cmr', 'cnh', 'cni', 'cnk', 'cnl', 'cnt', 'cnw', 'coe', 'cof', 'cok', 'con', 'cop', 'cor', 'cos', 'cot', 'cou', 'cpa', 'cpb', 'cpc', 'cpu', 'cpy', 'crh', 'crj', 'crk', 'crl', 'crm', 'crn', 'crs', 'crt', 'crx', 'csb', 'csk', 'cso', 'csw', 'csy', 'cta', 'ctd', 'cto', 'ctp', 'ctu', 'cub', 'cuc', 'cui', 'cuk', 'cul', 'cut', 'cux', 'cwe', 'cwt', 'cya', 'cym', 'czt', 'daa', 'dad', 'daf', 'dag', 'dah', 'dak', 'dan', 'dar', 'ddg', 'ddn', 'ded', 'des', 'deu', 'dga', 'dgc', 'dgi', 'dgr', 'dgz', 'dhg', 'dhm', 'dhv', 'did', 'dig', 'dik', 'diq', 'dis', 'diu', 'div', 'dje', 'djk', 'djr', 'dks', 'dln', 'dng', 'dnj', 'dnw', 'dob', 'doi', 'dop', 'dos', 'dow', 'drg', 'dru', 'dsb', 'dtb', 'dtp', 'dts', 'dty', 'dua', 'due', 'dug', 'duo', 'dur', 'dwr', 'dww', 'dyi', 'dyo', 'dyu', 'dzo', 'ebk', 'efi', 'eka', 'ekk', 'eko', 'ell', 'emi', 'eml', 'emp', 'enb', 'enl', 'enm', 'enq', 'enx', 'epo', 'eri', 'ese', 'esi', 'esk', 'ess', 'esu', 'eto', 'etr', 'etu', 'eus', 'eve', 'ewe', 'ewo', 'ext', 'eza', 'faa', 'fad', 'fai', 'fal', 'fan', 'fao', 'far', 'fas', 'fat', 'ffm', 'fij', 'fil', 'fin', 'fit', 'fkv', 'fmu', 'fon', 'for', 'fra', 'frd', 'fro', 'frp', 'frr', 'fry', 'fub', 'fud', 'fue', 'fuf', 'fuh', 'fuq', 'fur', 'fuv', 'gaa', 'gag', 'gah', 'gai', 'gam', 'gaw', 'gaz', 'gbi', 'gbo', 'gbr', 'gcf', 'gcr', 'gde', 'gdg', 'gdn', 'gdr', 'geb', 'gej', 'gfk', 'ghs', 'gid', 'gil', 'giz', 'gjn', 'gkn', 'gla', 'gle', 'glg', 'glk', 'glv', 'gmh', 'gmv', 'gna', 'gnb', 'gnd', 'gng', 'gnn', 'gnw', 'goa', 'gof', 'gog', 'goh', 'gom', 'gor', 'gos', 'got', 'gqr', 'grc', 'grt', 'gso', 'gsw', 'gub', 'guc', 'gud', 'gug', 'guh', 'gui', 'guj', 'guk', 'gul', 'gum', 'gun', 'guo', 'guq', 'gur', 'guu', 'guw', 'gux', 'guz', 'gvc', 'gvf', 'gvl', 'gvn', 'gwi', 'gwr', 'gya', 'gym', 'gyr', 'hac', 'hae', 'hag', 'hak', 'hat', 'hav', 'haw', 'hay', 'hbo', 'hch', 'heb', 'heg', 'heh', 'her', 'hif', 'hig', 'hil', 'hin', 'hix', 'hla', 'hmo', 'hmr', 'hne', 'hnj', 'hnn', 'hns', 'hop', 'hot', 'hra', 'hrv', 'hrx', 'hsb', 'hto', 'hub', 'hui', 'hun', 'hus', 'huu', 'huv', 'hvn', 'hwc', 'hye', 'hyw', 'ian', 'iba', 'ibg', 'ibo', 'icr', 'ido', 'idu', 'ifa', 'ifb', 'ife', 'ifk', 'ifu', 'ify', 'ige', 'ign', 'ike', 'ikk', 'ikt', 'ikw', 'ilb', 'ile', 'ilo', 'imo', 'ina', 'inb', 'ind', 'inh', 'ino', 'iou', 'ipi', 'iqw', 'iri', 'irk', 'iry', 'isd', 'ish', 'isl', 'iso', 'ita', 'itv', 'ium', 'ivb', 'ivv', 'iws', 'ixl', 'izr', 'izz', 'jaa', 'jac', 'jae', 'jam', 'jav', 'jbo', 'jbu', 'jic', 'jiv', 'jmc', 'jpn', 'jra', 'jun', 'jvn', 'kaa', 'kab', 'kac', 'kak', 'kal', 'kam', 'kan', 'kao', 'kaq', 'kas', 'kat', 'kaz', 'kbc', 'kbd', 'kbh', 'kbm', 'kbo', 'kbp', 'kbq', 'kbr', 'kby', 'kca', 'kcg', 'kck', 'kdc', 'kde', 'kdh', 'kdi', 'kdj', 'kdl', 'kdr', 'kea', 'kei', 'kek', 'ken', 'keo', 'ker', 'kew', 'kez', 'kff', 'kgf', 'kgk', 'kgp', 'kgr', 'kha', 'khk', 'khm', 'khs', 'khz', 'kia', 'kij', 'kik', 'kin', 'kir', 'kiu', 'kix', 'kjb', 'kje', 'kjh', 'kjs', 'kkc', 'kki', 'kkj', 'kkl', 'kle', 'klt', 'klv', 'kmb', 'kmg', 'kmh', 'kmk', 'kmm', 'kmo', 'kmr', 'kms', 'kmu', 'kmy', 'knc', 'kne', 'knf', 'kng', 'knj', 'knk', 'kno', 'knv', 'knx', 'kny', 'kog', 'koi', 'koo', 'kor', 'kos', 'kpe', 'kpf', 'kpg', 'kpj', 'kpq', 'kpr', 'kpv', 'kpw', 'kpx', 'kpz', 'kqc', 'kqe', 'kqf', 'kql', 'kqn', 'kqo', 'kqp', 'kqs', 'kqw', 'kqy', 'krc', 'kri', 'krj', 'krl', 'kru', 'krx', 'ksb', 'ksc', 'ksd', 'ksf', 'ksh', 'ksj', 'ksp', 'ksr', 'kss', 'ksw', 'ktb', 'ktj', 'ktm', 'kto', 'ktu', 'ktz', 'kua', 'kub', 'kud', 'kue', 'kuj', 'kum', 'kup', 'kus', 'kvg', 'kvj', 'kvn', 'kwd', 'kwf', 'kwi', 'kwj', 'kwn', 'kwy', 'kxc', 'kxm', 'kxw', 'kyc', 'kyf', 'kyg', 'kyq', 'kyu', 'kyz', 'kze', 'kzf', 'kzj', 'lac', 'lad', 'lai', 'laj', 'lam', 'lao', 'lap', 'lat', 'lbb', 'lbe', 'lbj', 'lbk', 'lcm', 'lcp', 'ldi', 'ldn', 'lee', 'lef', 'leh', 'lem', 'leu', 'lew', 'lex', 'lez', 'lfn', 'lgg', 'lgl', 'lgm', 'lhi', 'lhu', 'lia', 'lid', 'lif', 'lij', 'lim', 'lin', 'lip', 'lis', 'lit', 'liv', 'ljp', 'lki', 'llb', 'lld', 'llg', 'lln', 'lmk', 'lmo', 'lmp', 'lnd', 'lob', 'loe', 'log', 'lok', 'lol', 'lom', 'loq', 'loz', 'lrc', 'lsi', 'lsm', 'ltg', 'ltz', 'lua', 'lub', 'luc', 'lud', 'lue', 'lug', 'lun', 'luo', 'lus', 'lvs', 'lwg', 'lwo', 'lww', 'lzh', 'maa', 'mad', 'maf', 'mag', 'mah', 'mai', 'maj', 'mak', 'mal', 'mam', 'maq', 'mar', 'mas', 'mau', 'mav', 'maw', 'maz', 'mbb', 'mbc', 'mbd', 'mbf', 'mbh', 'mbi', 'mbj', 'mbl', 'mbs', 'mbt', 'mca', 'mcb', 'mcd', 'mcf', 'mck', 'mcn', 'mco', 'mcp', 'mcq', 'mcu', 'mda', 'mdf', 'mdy', 'med', 'mee', 'mej', 'mek', 'men', 'meq', 'mer', 'met', 'meu', 'mev', 'mfe', 'mfg', 'mfh', 'mfi', 'mfk', 'mfq', 'mfy', 'mfz', 'mgc', 'mgh', 'mgo', 'mgr', 'mhi', 'mhl', 'mhr', 'mhw', 'mhx', 'mhy', 'mib', 'mic', 'mie', 'mif', 'mig', 'mih', 'mil', 'mim', 'min', 'mio', 'mip', 'miq', 'mir', 'mit', 'miy', 'miz', 'mjc', 'mjw', 'mkd', 'mkl', 'mkn', 'mks', 'mkz', 'mlh', 'mlp', 'mlt', 'mlu', 'mmn', 'mmo', 'mmx', 'mna', 'mnb', 'mnf', 'mni', 'mnk', 'mns', 'mnw', 'mnx', 'mny', 'moa', 'moc', 'mog', 'moh', 'mop', 'mor', 'mos', 'mox', 'mpg', 'mph', 'mpm', 'mpp', 'mps', 'mpt', 'mpx', 'mqb', 'mqj', 'mqy', 'mrg', 'mri', 'mrj', 'mrq', 'mrv', 'mrw', 'msb', 'msc', 'mse', 'msk', 'msy', 'mta', 'mtg', 'mti', 'mto', 'mtp', 'mua', 'mug', 'muh', 'mui', 'mup', 'mur', 'mus', 'mux', 'muy', 'mva', 'mvn', 'mvp', 'mwc', 'mwf', 'mwl', 'mwm', 'mwn', 'mwp', 'mwq', 'mwv', 'mww', 'mxb', 'mxp', 'mxq', 'mxt', 'mxv', 'mya', 'myb', 'myk', 'myu', 'myv', 'myw', 'myx', 'myy', 'mza', 'mzh', 'mzk', 'mzl', 'mzm', 'mzn', 'mzw', 'mzz', 'nab', 'naf', 'nah', 'nak', 'nap', 'naq', 'nas', 'nav', 'naw', 'nba', 'nbc', 'nbe', 'nbl', 'nbq', 'nbu', 'nca', 'nch', 'ncj', 'ncl', 'ncq', 'nct', 'ncu', 'ncx', 'ndc', 'nde', 'ndh', 'ndi', 'ndj', 'ndo', 'nds', 'ndz', 'neb', 'new', 'nfa', 'nfr', 'ngb', 'ngc', 'ngl', 'ngp', 'ngu', 'nhd', 'nhe', 'nhg', 'nhi', 'nhk', 'nho', 'nhr', 'nhu', 'nhw', 'nhx', 'nhy', 'nia', 'nif', 'nii', 'nij', 'nim', 'nin', 'nio', 'niu', 'niy', 'njb', 'njm', 'njn', 'njo', 'njz', 'nkf', 'nko', 'nld', 'nlg', 'nma', 'nmf', 'nmh', 'nmo', 'nmw', 'nmz', 'nnb', 'nng', 'nnh', 'nnl', 'nno', 'nnp', 'nnq', 'nnw', 'noa', 'nob', 'nod', 'nog', 'non', 'nop', 'not', 'nou', 'nov', 'nph', 'npi', 'npl', 'npo', 'npy', 'nqo', 'nre', 'nrf', 'nri', 'nrm', 'nsa', 'nse', 'nsm', 'nsn', 'nso', 'nss', 'nst', 'nsu', 'ntp', 'ntr', 'ntu', 'nuj', 'nus', 'nuy', 'nvm', 'nwb', 'nwi', 'nwx', 'nxd', 'nya', 'nyf', 'nyk', 'nyn', 'nyo', 'nyu', 'nyy', 'nza', 'nzi', 'nzm', 'obo', 'oci', 'ogo', 'ojb', 'oke', 'oku', 'okv', 'old', 'olo', 'omb', 'omw', 'ong', 'ons', 'ood', 'opm', 'orv', 'ory', 'oss', 'ota', 'otd', 'ote', 'otm', 'otn', 'oto', 'otq', 'ots', 'otw', 'oym', 'ozm', 'pab', 'pad', 'pag', 'pah', 'pam', 'pan', 'pao', 'pap', 'pau', 'pbb', 'pbc', 'pbi', 'pbt', 'pcd', 'pck', 'pcm', 'pdc', 'pdt', 'pem', 'pfe', 'pfl', 'phm', 'pib', 'pio', 'pir', 'pis', 'pjt', 'pkb', 'plg', 'pls', 'plt', 'plu', 'plw', 'pma', 'pmf', 'pmq', 'pms', 'pmx', 'pnb', 'pne', 'pnt', 'pny', 'poe', 'poh', 'poi', 'pol', 'pon', 'por', 'pos', 'pot', 'pov', 'poy', 'ppk', 'ppo', 'pps', 'prf', 'prg', 'pri', 'prq', 'pse', 'pss', 'ptp', 'ptu', 'pui', 'pwg', 'pwn', 'pww', 'pxm', 'qub', 'quc', 'quf', 'qug', 'quh', 'qul', 'qup', 'qus', 'quw', 'quy', 'quz', 'qva', 'qvc', 'qve', 'qvh', 'qvi', 'qvm', 'qvn', 'qvo', 'qvs', 'qvw', 'qvz', 'qwh', 'qxh', 'qxl', 'qxn', 'qxo', 'qxr', 'rad', 'rai', 'rap', 'rar', 'rav', 'raw', 'rcf', 'rej', 'rel', 'rgu', 'rhg', 'ria', 'rim', 'rjs', 'rkb', 'rmc', 'rme', 'rml', 'rmn', 'rmo', 'rmq', 'rmy', 'rnd', 'rng', 'rnl', 'roh', 'ron', 'roo', 'rop', 'row', 'rro', 'rtm', 'rub', 'rue', 'ruf', 'rug', 'run', 'rup', 'rus', 'rwo', 'sab', 'sag', 'sah', 'san', 'sas', 'sat', 'sba', 'sbd', 'sbe', 'sbl', 'sbs', 'sby', 'sck', 'scn', 'sco', 'sda', 'sdc', 'sdh', 'sdo', 'sdq', 'seh', 'ses', 'sey', 'sfw', 'sgb', 'sgc', 'sgh', 'sgs', 'sgw', 'sgz', 'shi', 'shk', 'shn', 'shp', 'shu', 'sid', 'sig', 'sil', 'sim', 'sin', 'sja', 'sjo', 'sju', 'skg', 'skr', 'sld', 'slk', 'sll', 'slv', 'sma', 'sme', 'smj', 'smk', 'sml', 'smn', 'smo', 'sms', 'smt', 'sna', 'snc', 'snd', 'snf', 'snn', 'snp', 'snw', 'sny', 'soe', 'som', 'sop', 'soq', 'sot', 'soy', 'spa', 'spl', 'spm', 'spp', 'sps', 'spy', 'srd', 'sri', 'srm', 'srn', 'srp', 'srq', 'srr', 'ssd', 'ssg', 'ssw', 'ssx', 'stn', 'stp', 'stq', 'sua', 'suc', 'sue', 'suk', 'sun', 'sur', 'sus', 'suz', 'swb', 'swc', 'swe', 'swg', 'swh', 'swk', 'swp', 'sxb', 'sxn', 'syb', 'syc', 'syl', 'szl', 'szy', 'tab', 'tac', 'tah', 'taj', 'tam', 'tap', 'taq', 'tar', 'tat', 'tav', 'taw', 'tay', 'tbc', 'tbg', 'tbk', 'tbl', 'tbo', 'tbw', 'tby', 'tbz', 'tca', 'tcc', 'tcf', 'tcs', 'tcy', 'tcz', 'ted', 'tee', 'tel', 'tem', 'teo', 'ter', 'tet', 'tew', 'tfr', 'tgk', 'tgo', 'tgp', 'tha', 'thk', 'thl', 'tif', 'tig', 'tih', 'tik', 'tim', 'tir', 'tiv', 'tiy', 'tke', 'tkl', 'tkr', 'tku', 'tlb', 'tlf', 'tlh', 'tlj', 'tll', 'tly', 'tmc', 'tmd', 'tna', 'tnc', 'tnk', 'tnn', 'tnp', 'tnr', 'tob', 'toc', 'tod', 'tog', 'toh', 'toi', 'toj', 'tok', 'ton', 'too', 'top', 'tos', 'tpa', 'tpi', 'tpm', 'tpp', 'tpt', 'tpw', 'tpz', 'tqo', 'trc', 'trn', 'tro', 'trp', 'trq', 'trs', 'trv', 'tsc', 'tsg', 'tsn', 'tso', 'tsw', 'tsz', 'ttc', 'tte', 'ttj', 'ttq', 'tuc', 'tue', 'tuf', 'tui', 'tuk', 'tul', 'tum', 'tuo', 'tur', 'tuv', 'tvk', 'tvl', 'twi', 'twu', 'twx', 'txq', 'txu', 'tyv', 'tzh', 'tzj', 'tzl', 'tzm', 'tzo', 'ubr', 'ubu', 'udm', 'udu', 'uig', 'ukr', 'umb', 'upv', 'ura', 'urb', 'urd', 'urh', 'uri', 'urk', 'urt', 'urw', 'ury', 'usa', 'usp', 'uth', 'uvh', 'uvl', 'uzn', 'uzs', 'vag', 'vap', 'var', 'vec', 'ven', 'vep', 'vid', 'vie', 'viv', 'vls', 'vmk', 'vmw', 'vmy', 'vol', 'vot', 'vro', 'vun', 'vut', 'waj', 'wal', 'wap', 'war', 'wat', 'way', 'wba', 'wbm', 'wbp', 'wed', 'wer', 'wes', 'wew', 'whg', 'whk', 'wib', 'wim', 'wiu', 'wln', 'wls', 'wlv', 'wlx', 'wmt', 'wmw', 'wnc', 'wnu', 'wob', 'wol', 'wos', 'wrk', 'wrs', 'wsg', 'wsk', 'wuu', 'wuv', 'wwa', 'xal', 'xav', 'xbi', 'xbr', 'xed', 'xho', 'xla', 'xmf', 'xmm', 'xmv', 'xnn', 'xog', 'xon', 'xrb', 'xsb', 'xsi', 'xsm', 'xsr', 'xsu', 'xtd', 'xtm', 'xtn', 'xuo', 'yaa', 'yad', 'yal', 'yam', 'yan', 'yao', 'yap', 'yaq', 'yat', 'yaz', 'ybb', 'yby', 'ycn', 'ydd', 'yim', 'yka', 'yle', 'yli', 'yml', 'yom', 'yon', 'yor', 'yrb', 'yre', 'yrk', 'yrl', 'yss', 'yua', 'yue', 'yuj', 'yup', 'yut', 'yuw', 'yuz', 'yva', 'zaa', 'zab', 'zac', 'zad', 'zae', 'zai', 'zam', 'zao', 'zar', 'zas', 'zat', 'zav', 'zaw', 'zca', 'zdj', 'zea', 'zgh', 'zia', 'ziw', 'zne', 'zom', 'zos', 'zpa', 'zpc', 'zpg', 'zpi', 'zpj', 'zpl', 'zpm', 'zpo', 'zpq', 'zpt', 'zpu', 'zpv', 'zpz', 'zsm', 'zsr', 'ztq', 'zty', 'zul', 'zyb', 'zyp']",Encoder,307000000
,,,,,
Alibaba Cloud,China,Qwen/Qwen2-0.5B ,"['de', 'fr', 'es', 'pt', 'it', 'nl', 'ru', 'cs', 'pl', 'ar', 'fa', 'he', 'tr', 'ja', 'ko', 'vi', 'th', 'id', None, 'lo', 'my', nan, 'km', 'tl', 'hi', 'bn', 'ur']",decoder,500000000
Alibaba Cloud,China,Qwen/Qwen2-1.5B,"['de', 'fr', 'es', 'pt', 'it', 'nl', 'ru', 'cs', 'pl', 'ar', 'fa', 'he', 'tr', 'ja', 'ko', 'vi', 'th', 'id', None, 'lo', 'my', nan, 'km', 'tl', 'hi', 'bn', 'ur']",decoder,1500000000
Alibaba Cloud,China,Qwen/Qwen2-7B,"['de', 'fr', 'es', 'pt', 'it', 'nl', 'ru', 'cs', 'pl', 'ar', 'fa', 'he', 'tr', 'ja', 'ko', 'vi', 'th', 'id', None, 'lo', 'my', nan, 'km', 'tl', 'hi', 'bn', 'ur']",decoder,7000000000
Alibaba Cloud,China,Qwen/Qwen3-0.6B,"['en', 'fr', 'pt', 'de', 'ro', 'sv', 'da', 'bg', 'ru', 'cs', 'el', 'uk', 'es', 'nl', 'sk', 'hr', 'pl', 'lt', 'nb', 'nn', 'fa', 'sl', 'gu', 'lv', 'it', 'mr', 'be', 'sr', 'lb', 'vec', 'as', 'cy', 'szl', 'ast', 'hne', 'awa', 'mai', 'bho', 'sd', 'ga', 'fo', 'hi', 'bn', 'tg', 'ydd', 'lmo', 'lij', 'scn', 'fur', 'sc', 'gl', 'ca', 'is', 'als', None, 'prs', 'af', 'mk', 'si', 'ur', 'mag', 'bs', 'hy', 'cmn', 'zh', 'yue', 'my', 'arb', 'ars', 'apc', 'arz', 'ary', 'acm', 'acq', 'aeb', 'he', 'mt', 'id', 'tl', 'ceb', 'jv', 'su', 'min', 'ban', 'bjn', 'pag', 'ilo', 'war', 'ta', 'te', 'kn', 'ml', 'tr', 'azj', 'uzn', 'kk', 'ba', 'tt', 'th', 'lo', 'fi', 'et', 'hu', 'vi', 'km', 'ja', 'ko', 'ka', 'eu', 'ht', 'pap', 'kea', 'tpi', 'sw'] ",decoder,600000000
Alibaba Cloud,China,Qwen/Qwen3-1.7B-Base,"['en', 'fr', 'pt', 'de', 'ro', 'sv', 'da', 'bg', 'ru', 'cs', 'el', 'uk', 'es', 'nl', 'sk', 'hr', 'pl', 'lt', 'nb', 'nn', 'fa', 'sl', 'gu', 'lv', 'it', None, None, 'mr', 'be', 'sr', 'lb', 'vec', 'as', 'cy', 'szl', 'ast', 'hne', 'awa', 'mai', 'bho', 'sd', 'ga', 'fo', 'hi', None, 'bn', None, 'tg', 'ydd', 'lmo', 'lij', 'scn', 'fur', 'sc', 'gl', 'ca', 'is', 'als', None, 'prs', 'af', 'mk', 'si', 'ur', 'mag', 'bs', 'hy', 'cmn', 'zh', 'yue', 'my', 'arb', 'ars', 'apc', 'arz', 'ary', 'acm', 'acq', 'aeb', 'he', 'mt', 'id', 'tl', 'ceb', 'jv', 'su', 'min', 'ban', 'bjn', 'pag', 'ilo', 'war', 'ta', 'te', 'kn', 'ml', 'tr', 'azj', 'uzn', 'kk', 'ba', 'tt', 'th', 'lo', 'fi', 'et', 'hu', 'vi', 'km', 'ja', 'ko', 'ka', 'eu', 'ht', 'pap', 'kea', 'tpi', 'sw'] ",decoder,1700000000
Alibaba Cloud,China,Qwen/Qwen3-4B-Base,"['en', 'fr', 'pt', 'de', 'ro', 'sv', 'da', 'bg', 'ru', 'cs', 'el', 'uk', 'es', 'nl', 'sk', 'hr', 'pl', 'lt', 'nb', 'nn', 'fa', 'sl', 'gu', 'lv', 'it', None, None, 'mr', 'be', 'sr', 'lb', 'vec', 'as', 'cy', 'szl', 'ast', 'hne', 'awa', 'mai', 'bho', 'sd', 'ga', 'fo', 'hi', None, 'bn', None, 'tg', 'ydd', 'lmo', 'lij', 'scn', 'fur', 'sc', 'gl', 'ca', 'is', 'als', None, 'prs', 'af', 'mk', 'si', 'ur', 'mag', 'bs', 'hy', 'cmn', 'zh', 'yue', 'my', 'arb', 'ars', 'apc', 'arz', 'ary', 'acm', 'acq', 'aeb', 'he', 'mt', 'id', 'tl', 'ceb', 'jv', 'su', 'min', 'ban', 'bjn', 'pag', 'ilo', 'war', 'ta', 'te', 'kn', 'ml', 'tr', 'azj', 'uzn', 'kk', 'ba', 'tt', 'th', 'lo', 'fi', 'et', 'hu', 'vi', 'km', 'ja', 'ko', 'ka', 'eu', 'ht', 'pap', 'kea', 'tpi', 'sw'] ",decoder,4000000000
Alibaba Cloud,China,Qwen/Qwen3-8B-Base,"['en', 'fr', 'pt', 'de', 'ro', 'sv', 'da', 'bg', 'ru', 'cs', 'el', 'uk', 'es', 'nl', 'sk', 'hr', 'pl', 'lt', 'nb', 'nn', 'fa', 'sl', 'gu', 'lv', 'it', None, None, 'mr', 'be', 'sr', 'lb', 'vec', 'as', 'cy', 'szl', 'ast', 'hne', 'awa', 'mai', 'bho', 'sd', 'ga', 'fo', 'hi', None, 'bn', None, 'tg', 'ydd', 'lmo', 'lij', 'scn', 'fur', 'sc', 'gl', 'ca', 'is', 'als', None, 'prs', 'af', 'mk', 'si', 'ur', 'mag', 'bs', 'hy', 'cmn', 'zh', 'yue', 'my', 'arb', 'ars', 'apc', 'arz', 'ary', 'acm', 'acq', 'aeb', 'he', 'mt', 'id', 'tl', 'ceb', 'jv', 'su', 'min', 'ban', 'bjn', 'pag', 'ilo', 'war', 'ta', 'te', 'kn', 'ml', 'tr', 'azj', 'uzn', 'kk', 'ba', 'tt', 'th', 'lo', 'fi', 'et', 'hu', 'vi', 'km', 'ja', 'ko', 'ka', 'eu', 'ht', 'pap', 'kea', 'tpi', 'sw'] ",decoder,8000000000
Alibaba Cloud,China,Qwen/Qwen3-14B-Base,"['en', 'fr', 'pt', 'de', 'ro', 'sv', 'da', 'bg', 'ru', 'cs', 'el', 'uk', 'es', 'nl', 'sk', 'hr', 'pl', 'lt', 'nb', 'nn', 'fa', 'sl', 'gu', 'lv', 'it', None, None, 'mr', 'be', 'sr', 'lb', 'vec', 'as', 'cy', 'szl', 'ast', 'hne', 'awa', 'mai', 'bho', 'sd', 'ga', 'fo', 'hi', None, 'bn', None, 'tg', 'ydd', 'lmo', 'lij', 'scn', 'fur', 'sc', 'gl', 'ca', 'is', 'als', None, 'prs', 'af', 'mk', 'si', 'ur', 'mag', 'bs', 'hy', 'cmn', 'zh', 'yue', 'my', 'arb', 'ars', 'apc', 'arz', 'ary', 'acm', 'acq', 'aeb', 'he', 'mt', 'id', 'tl', 'ceb', 'jv', 'su', 'min', 'ban', 'bjn', 'pag', 'ilo', 'war', 'ta', 'te', 'kn', 'ml', 'tr', 'azj', 'uzn', 'kk', 'ba', 'tt', 'th', 'lo', 'fi', 'et', 'hu', 'vi', 'km', 'ja', 'ko', 'ka', 'eu', 'ht', 'pap', 'kea', 'tpi', 'sw'] ",decoder,14000000000
Alibaba Cloud,China,Qwen/Qwen3.5-0.8B,"['en', 'fr', 'pt', 'de', 'ro', 'sv', 'da', 'bg', 'ru', 'cs', 'el', 'uk', 'es', 'nl', 'sk', 'hr', 'pl', 'lt', 'nb', 'nn', 'fa', 'sl', 'gu', 'lv', 'it', None, None, 'mr', 'be', 'sr', 'lb', 'vec', 'as', 'cy', 'szl', 'ast', 'hne', 'awa', 'mai', 'bho', 'sd', 'ga', 'fo', 'hi', None, 'bn', None, 'tg', 'ydd', 'lmo', 'lij', 'scn', 'fur', 'sc', 'gl', 'ca', 'is', 'als', None, 'prs', 'af', 'mk', 'si', 'ur', 'mag', 'bs', 'hy', 'cmn', 'zh', 'yue', 'my', 'arb', 'ars', 'apc', 'arz', 'ary', 'acm', 'acq', 'aeb', 'he', 'mt', 'id', 'tl', 'ceb', 'jv', 'su', 'min', 'ban', 'bjn', 'pag', 'ilo', 'war', 'ta', 'te', 'kn', 'ml', 'tr', 'azj', 'uzn', 'kk', 'ba', 'tt', 'th', 'lo', 'fi', 'et', 'hu', 'vi', 'km', 'ja', 'ko', 'ka', 'eu', 'ht', 'pap', 'kea', 'tpi', 'sw'] ",decoder,800000000
Alibaba Group,China,Tower-Babel/Babel-9B,"['en', 'zh', 'hi', 'es', 'fr', 'ar', 'bn', 'ru', 'pt', 'id', 'ur', 'de', 'ja', 'sw', 'ta', 'tr', 'ko', 'vi', 'jv', 'it', 'ha', 'th', 'fa', 'tl', 'my']",decoder,9000000000
,,,,,
Hugging Face,USA,bigscience/bloomz-7b1,"['en', 'zh', 'hi', 'es', 'fr', 'ar', 'bn', 'ru', 'pt', 'id', 'ur', 'de', 'ja', 'sw', 'ta', 'tr', 'ko', 'vi', 'jv', 'it', 'ha', 'th', 'fa', 'tl', 'my']",decoder,7000000000
Hugging Face,USA,bigscience/bloomz-7b1-mt,"['ak', 'ar', 'as', 'bm', 'bn', 'ca', 'code', 'en', 'es', 'eu', 'fon', 'fr', 'gu', 'hi', 'id', 'ig', 'ki', 'kn', 'lg', 'ln', 'ml', 'mr', 'ne', 'nso', 'ny', 'or', 'pa', 'pt', 'rn', 'rw', 'sn', 'st', 'sw', 'ta', 'te', 'tn', 'ts', 'tum', 'tw', 'ur', 'vi', 'wo', 'xh', 'yo', 'zh', 'zu']",decoder,7000000000
Hugging Face,USA,bigscience/bloom-1b7,"['ak', 'ar', 'as', 'bm', 'bn', 'ca', 'code', 'en', 'es', 'eu', 'fon', 'fr', 'gu', 'hi', 'id', 'ig', 'ki', 'kn', 'lg', 'ln', 'ml', 'mr', 'ne', 'nso', 'ny', 'or', 'pa', 'pt', 'rn', 'rw', 'sn', 'st', 'sw', 'ta', 'te', 'tn', 'ts', 'tum', 'tw', 'ur', 'vi', 'wo', 'xh', 'yo', 'zh', 'zu']",decoder,1000000000
Hugging Face,USA,bigscience/bloom-3b,"['ak', 'ar', 'as', 'bm', 'bn', 'ca', 'code', 'en', 'es', 'eu', 'fon', 'fr', 'gu', 'hi', 'id', 'ig', 'ki', 'kn', 'lg', 'ln', 'ml', 'mr', 'ne', 'nso', 'ny', 'or', 'pa', 'pt', 'rn', 'rw', 'sn', 'st', 'sw', 'ta', 'te', 'tn', 'ts', 'tum', 'tw', 'ur', 'vi', 'wo', 'xh', 'yo', 'zh', 'zhs', 'zht', 'zu']",decoder,3000000000
,,,,,
Sarvam AI,India,sarvamai/sarvam-1,"['bn', 'en', 'gu', 'hi', 'kn', 'ml', 'mr', 'or', 'pa', 'ta', 'te']",decoder,3000000000
,,,,,
SK Telecom,South Korea,skt/A.X-4.0-Light,"['en', 'ko']",decoder,7000000000
SK Telecom,South Korea,skt/A.X-3.1-Light,"['en', 'ko']",decoder,7000000000
SK Telecom,South Korea,skt/A.X-Encoder-base,"['en', 'ko']",encoder,100000000
,,,,,
?,?,Pclanglais/MonadGPT,"['en', 'fr', 'la']",decoder,700000000
,,,,,
LG,South Korea,LGAI-EXAONE/EXAONE-4.0-32B,"['en', 'ko', 'es']",decoder,32000000000
LG,South Korea,LGAI-EXAONE/EXAONE-4.0-1.2B,"['en', 'ko', 'es']",decoder,1200000000
LG,South Korea,LGAI-EXAONE/EXAONE-Deep-2.4B,"['en', 'ko']",decoder,2400000000
LG,South Korea,LGAI-EXAONE/EXAONE-Deep-7.8B,"['en', 'ko']",decoder,7800000000
LG,South Korea,LGAI-EXAONE/EXAONE-Deep-32B,"['en', 'ko']",decoder,32000000000
,,,,,
Together AI,USA,arcee-ai/AFM-4.5B,"['en', 'es', 'fr', 'de', 'it', 'pt', 'ru', 'ar', 'hi', 'ko', 'zh']",decoder,4500000000
,,,,,
Nvidia,USA,nvidia/NVIDIA-Nemotron-3-Nano-30B-A3B-BF16,"['en', 'es', 'fr', 'de', 'ja', 'it']",decoder,30000000000
,,,,,
Liquid AI,USA,LiquidAI/LFM2-350M,"['en', 'ar', 'zh', 'fr', 'de', 'ja', 'ko', 'es']   ",decoder,350000000
Liquid AI,USA,LiquidAI/LFM2-700M,"['en', 'ar', 'zh', 'fr', 'de', 'ja', 'ko', 'es']   ",decoder,700000000
Liquid AI,USA,LiquidAI/LFM2-1.2B,"['en', 'ar', 'zh', 'fr', 'de', 'ja', 'ko', 'es']   ",decoder,1200000000
Liquid AI,USA,LiquidAI/LFM2-2.6B,"['en', 'ar', 'zh', 'fr', 'de', 'ja', 'ko', 'es']   ",decoder,2600000000
Liquid AI,USA,LiquidAI/LFM2-8B-A1B,"['en', 'ar', 'zh', 'fr', 'de', 'ja', 'ko', 'es']   ",decoder,8000000000
Liquid AI,USA,LiquidAI/LFM2.5-350M,"['en', 'ar', 'zh', 'fr', 'de', 'ja', 'ko', 'es']    ",decoder,350000000
Liquid AI,USA,LiquidAI/LFM2.5-1.2B-Base    ," ['en', 'ar', 'zh', 'fr', 'de', 'ja', 'ko', 'es']  ",decoder,1200000000
,,,,,
Retrieva,Japan,retrieva-jp/bert-1.3b,"['ja', 'en']",encoder,1300000000
,,,,,
Mistral,France,mistralai/Ministral-3-3B-Base-2512,"['en', 'fr', 'es', 'de', 'it', 'pt', 'nl', 'zh', 'ja', 'ko', 'ar']",decoder,3000000000
Mistral,France,mistralai/Ministral-3-8B-Base-2512,"['en', 'fr', 'es', 'de', 'it', 'pt', 'nl', 'zh', 'ja', 'ko', 'ar']",decoder,8000000000
Mistral,France,mistralai/Ministral-3-14B-Base-2512,"['en', 'fr', 'es', 'de', 'it', 'pt', 'nl', 'zh', 'ja', 'ko', 'ar']",decoder,14000000000
,,,,,
Unbabel,"Portugal, USA",utter-project/EuroFilter-v1,"['en', 'de', 'es', 'ja', 'zh', 'ru', 'hi', 'cs', 'uk', 'is', 'pt', 'fr', 'nl', 'it', 'ko']",encoder,300000000
Unbabel,"Portugal, USA",utter-project/EuroLLM-1.7B,"['en', 'de', 'es', 'fr', 'it', 'pt', 'pl', 'nl', 'tr', 'sv', 'cs', 'el', 'hu', 'ro', 'fi', 'uk', 'sl', 'sk', 'da', 'lt', 'lv', 'et', 'bg', 'no', 'ca', 'hr', 'ga', 'mt', 'gl', 'zh', 'ru', 'ko', 'ja', 'ar', 'hi']",decoder,1700000000
Unbabel,"Portugal, USA",utter-project/EuroMoE-2.6B-A0.6B-2512,"['en', 'de', 'es', 'fr', 'it', 'pt', 'pl', 'nl', 'tr', 'sv', 'cs', 'el', 'hu', 'ro', 'fi', 'uk', 'sl', 'sk', 'da', 'lt', 'lv', 'et', 'bg', 'no', 'ca', 'hr', 'ga', 'mt', 'gl', 'zh', 'ru', 'ko', 'ja', 'ar', 'hi']",decoder,2600000000
Unbabel,"Portugal, USA",utter-project/EuroLLM-9B,"['en', 'de', 'es', 'fr', 'it', 'pt', 'pl', 'nl', 'tr', 'sv', 'cs', 'el', 'hu', 'ro', 'fi', 'uk', 'sl', 'sk', 'da', 'lt', 'lv', 'et', 'bg', 'no', 'ca', 'hr', 'ga', 'mt', 'gl', 'zh', 'ru', 'ko', 'ja', 'ar', 'hi']",decoder,9000000000
Unbabel,"Portugal, USA",utter-project/EuroLLM-22B-2512,"['en', 'de', 'es', 'fr', 'it', 'pt', 'pl', 'nl', 'tr', 'sv', 'cs', 'el', 'hu', 'ro', 'fi', 'uk', 'sl', 'sk', 'da', 'lt', 'lv', 'et', 'bg', 'no', 'ca', 'hr', 'ga', 'mt', 'gl', 'zh', 'ru', 'ko', 'ja', 'ar', 'hi']",decoder,22000000000
,,,,,
The Center for Information and Language Processing,Germany,cis-lmu/glot500-base,"['abk', 'ace', 'ach', 'acm', 'acr', 'ada', 'afb', 'afr', 'ahk', 'ajp', 'aka', 'aln', 'als', 'alt', 'amh', 'aoj', 'apc', 'ara', 'arb', 'arg', 'arn', 'ary', 'arz', 'asm', 'ast', 'aym', 'ayr', 'azb', 'aze', 'azj', 'bak', 'bam', 'ban', 'bar', 'bcl', 'bel', 'bem', 'ber', 'bew', 'bih', 'bik', 'bis', 'bjn', 'bod', 'bos', 'bpy', 'bqc', 'bre', 'bsb', 'bul', 'bzj', 'cab', 'cak', 'cat', 'cbk', 'ceb', 'ces', 'che', 'chk', 'chv', 'cjk', 'ckb', 'cmn', 'cos', 'crh', 'crs', 'csb', 'csy', 'ctu', 'cuk', 'cym', 'dan', 'deu', 'diq', 'div', 'djk', 'dtp', 'dyu', 'dzo', 'ekk', 'ell', 'eml', 'eng', 'enm', 'epo', 'est', 'eus', 'ewe', 'ext', 'fao', 'fas', 'fij', 'fil', 'fin', 'fon', 'fra', 'frr', 'fry', 'ful', 'fur', 'gaa', 'gcf', 'gcr', 'gil', 'gla', 'gle', 'glg', 'glv', 'gom', 'gor', 'grc', 'grn', 'gsw', 'guc', 'gug', 'guj', 'gym', 'hat', 'hau', 'haw', 'hbo', 'hbs', 'heb', 'hif', 'hil', 'hin', 'hmn', 'hmo', 'hne', 'hnj', 'hrv', 'hrx', 'hsb', 'hui', 'hun', 'hus', 'hye', 'hyw', 'iba', 'ibo', 'ido', 'ikk', 'iku', 'ile', 'ilo', 'ina', 'ind', 'isl', 'ita', 'ixl', 'jam', 'jav', 'jbo', 'jpn', 'kaa', 'kab', 'kac', 'kal', 'kam', 'kan', 'kat', 'kaz', 'kbd', 'kbp', 'kea', 'kek', 'khm', 'kik', 'kin', 'kir', 'kjb', 'kjh', 'kmb', 'kmr', 'knv', 'kom', 'kon', 'kor', 'kos', 'kpg', 'krc', 'ksd', 'ksh', 'ksw', 'kua', 'kur', 'lao', 'lat', 'lfn', 'lhu', 'lij', 'lim', 'lin', 'lit', 'lmo', 'ltz', 'lua', 'lue', 'lug', 'luo', 'lus', 'lvs', 'lzh', 'mad', 'mah', 'mai', 'mal', 'mam', 'mar', 'mau', 'mco', 'meu', 'mgh', 'mhr', 'min', 'miq', 'mkd', 'mlg', 'mlt', 'mon', 'mos', 'mps', 'mri', 'msa', 'mwl', 'mya', 'myv', 'mzh', 'mzn', 'nan', 'nap', 'naq', 'nav', 'nbl', 'nch', 'ncj', 'nde', 'ndo', 'nds', 'nep', 'new', 'ngl', 'ngu', 'niu', 'nld', 'nnb', 'nno', 'nob', 'nor', 'npi', 'nso', 'nya', 'nyu', 'oci', 'ori', 'orm', 'ory', 'oss', 'ote', 'pag', 'pam', 'pan', 'pap', 'pau', 'pcd', 'pcm', 'pes', 'pfl', 'pis', 'pls', 'plt', 'pms', 'pnb', 'poh', 'pol', 'pon', 'por', 'prs', 'pus', 'qub', 'quc', 'que', 'quh', 'quw', 'quy', 'quz', 'qvi', 'rap', 'rmy', 'roh', 'ron', 'rop', 'rue', 'rug', 'run', 'sag', 'sah', 'san', 'sat', 'scn', 'sco', 'seh', 'sgs', 'sin', 'slk', 'slv', 'sme', 'smo', 'sna', 'snd', 'som', 'sot', 'spa', 'sqi', 'srd', 'srm', 'srn', 'srp', 'ssw', 'sun', 'suz', 'swa', 'swc', 'swe', 'swh', 'szl', 'tah', 'tam', 'tat', 'tbz', 'tca', 'tdt', 'teo', 'tgk', 'tgl', 'tha', 'tir', 'tlh', 'tls', 'toi', 'toj', 'tok', 'ton', 'top', 'tpi', 'tsn', 'tso', 'tuc', 'tuk', 'tum', 'tur', 'tvl', 'twi', 'tyv', 'tzo', 'udm', 'uig', 'ukr', 'umb', 'urd', 'uzb', 'uzn', 'vec', 'ven', 'vep', 'vie', 'vls', 'vol', 'wal', 'war', 'wbm', 'wln', 'wol', 'wuu', 'xav', 'xho', 'xmf', 'yao', 'yap', 'yid', 'yom', 'yor', 'yue', 'zai', 'zea', 'zho', 'zlm', 'zsm', 'zul']",encoder,4000000000
,,,,,
Hugging Face,USA,HuggingFaceTB/SmolLM3-3B-Base,"['en', 'fr', 'es', 'it', 'pt', 'zh', 'ar', 'ru']",decoder,3000000000
,,,,,
Microsoft,USA,microsoft/Phi-3.5-mini-instruct,"['ar', 'zh', 'cs', 'da', 'nl', 'en', 'fi', 'fr', 'de', 'he', 'hu', 'it', 'ja', 'ko', 'no', 'pl', 'pt', 'ru', 'es', 'sv', 'th', 'tr', 'uk']",decoder,3800000000
Microsoft,USA,microsoft/Phi-3-small-128k-instruct,"['ar', 'zh', 'cs', 'da', 'nl', 'en', 'fi', 'fr', 'de', 'he', 'hu', 'it', 'ja', 'ko', 'no', 'pl', 'pt', 'ru', 'es', 'sv', 'th', 'tr', 'uk']",decoder,7000000000
Microsoft,USA,microsoft/mdeberta-v3-base,"['en', 'ar', 'bg', 'de', 'el', 'es', 'fr', 'hi', 'ru', 'sw', 'th', 'tr', 'ur', 'vi', 'zh']",encoder,184000000
,,,,,
Zhipu AI,China,zai-org/glm-4-9b,"['en', 'ja', 'ar', 'ru', 'es', 'de', 'fr', 'it', 'pt', 'pl', 'nl', 'tr', 'cs', 'vi', 'fa', 'hu', 'el', 'ro', 'sv', 'uk', 'fi', 'ko', 'da', 'bg', 'no']",decoder,9000000000
